ID,FirstName,LastName,Email,Phone,Age,State
1,John,Smith,john@example.com,123-456-7890,30,CA
2,Alice,Johnson,alice@example.com,555-555-5555,25,NY
3,Michael,Davis,michael@example.com,111-111-1111,35,TX
4,Emily,Brown,emily@example.com,222-222-2222,28,FL
5,David,Jones,david@example.com,333-333-3333,40,GA
6,Olivia,Miller,olivia@example.com,444-444-4444,32,IL
7,James,Davis,james@example.com,555-555-5555,27,LA
8,Emma,Rodriguez,emma@example.com,666-666-6666,29,MO
9,William,Thomas,william@example.com,777-777-7777,33,PA
10,Grace,Moore,grace@example.com,888-888-8888,31,WA
